City_ID,City,Country,Lat,Lng,Max Temp,Humidity,Cloudiness,Wind Speed,Current Description
0,Hermanus,ZA,-34.4187,19.2345,59.81,82,99,9.62,overcast clouds
1,Port Moresby,PG,-9.4431,147.1797,85.42,66,75,5.75,broken clouds
2,Provideniya,RU,64.3833,-173.3,28.9,51,15,12.21,few clouds
3,Batagay-Alyta,RU,67.8006,130.4114,19.89,92,100,12.77,light snow
4,Pevek,RU,69.7008,170.3133,21.15,71,100,8.08,overcast clouds
5,Bafq,IR,31.6128,55.4107,67.57,50,1,2.93,clear sky
6,Vardo,NO,70.3705,31.1107,28.17,73,100,8.7,overcast clouds
7,Hobart,AU,-42.8794,147.3294,68.25,57,75,19.57,broken clouds
8,Hobyo,SO,5.3505,48.5268,83.79,71,100,16.49,light rain
9,Ushuaia,AR,-54.8,-68.3,38.86,87,20,9.22,few clouds
10,Pathein,MM,16.7833,94.7333,90.14,51,14,11.7,few clouds
11,Kodiak,US,57.79,-152.4072,45.91,71,100,9.22,overcast clouds
12,Longyearbyen,SJ,78.2186,15.6401,12.04,67,100,2.3,overcast clouds
13,Price,US,39.5994,-110.8107,52.86,43,100,12.66,overcast clouds
14,Baykit,RU,61.67,96.37,34.11,63,100,9.13,overcast clouds
15,Kapaa,US,22.0752,-159.319,84.18,78,40,14.97,light rain
16,Lagoa,PT,39.05,-27.9833,60.44,82,12,3.31,few clouds
17,Lebu,CL,-37.6167,-73.65,51.93,91,1,14.18,clear sky
18,Srednekolymsk,RU,67.45,153.6833,34.11,100,100,2.82,overcast clouds
19,Jamestown,US,42.097,-79.2353,54.99,96,100,9.22,thunderstorm with rain
20,Ponta Do Sol,PT,32.6667,-17.1,64.71,77,0,4.45,clear sky
21,Upernavik,GL,72.7868,-56.1549,-2.33,88,7,5.73,clear sky
22,Qaanaaq,GL,77.484,-69.3632,5.29,67,25,6.87,scattered clouds
23,Kamenka,RU,51.3223,42.7678,36.86,58,4,3.44,clear sky
24,Cayenne,GF,4.9333,-52.3333,81.09,1,100,5.99,overcast clouds
25,Narsaq,GL,60.9167,-46.05,41.22,82,99,2.71,overcast clouds
26,Tasiilaq,GL,65.6145,-37.6368,19.26,60,81,4.94,broken clouds
27,Bluff,NZ,-46.6,168.3333,59.74,71,64,10.42,broken clouds
28,Albany,US,42.6001,-73.9662,56.79,52,100,2.19,overcast clouds
29,Tomaszow Mazowiecki,PL,51.5313,20.0086,51.57,71,38,2.51,scattered clouds
30,Kathu,TH,7.9178,98.3332,85.82,99,100,6.73,overcast clouds
31,Rikitea,PF,-23.1203,-134.9692,76.46,71,100,5.53,overcast clouds
32,Victoria,HK,22.2855,114.1577,65.32,90,100,8.99,overcast clouds
33,Mataura,NZ,-46.1927,168.8643,63.36,53,10,5.32,clear sky
34,Nizhniy Chir,RU,48.3597,43.0865,45.91,53,100,9.95,overcast clouds
35,Rio Grande,BR,-32.035,-52.0986,49.95,73,1,9.89,clear sky
36,Atuona,PF,-9.8,-139.0333,78.22,82,100,14.54,light rain
37,Bayanday,RU,53.0661,105.5139,61.79,48,100,2.01,overcast clouds
38,Ahmadnagar,IN,19.0833,74.7333,80.01,50,0,7.29,clear sky
39,Walvis Bay,NA,-22.9575,14.5053,56.35,94,0,1.14,clear sky
40,Egvekinot,RU,66.3167,-179.1667,19.02,62,38,3.13,scattered clouds
41,Chuy,UY,-33.6971,-53.4616,50.34,85,12,6.33,few clouds
42,Cape Town,ZA,-33.9258,18.4232,59.11,82,0,5.01,clear sky
43,Bonavista,CA,48.6499,-53.1147,37.06,96,100,2.01,overcast clouds
44,Ulaanbaatar,MN,47.9077,106.8832,50.13,29,0,2.24,clear sky
45,Sorong,ID,-0.8833,131.25,84.69,72,35,6.78,scattered clouds
46,Punta Arenas,CL,-53.15,-70.9167,35.71,93,0,10.36,clear sky
47,Dankov,RU,53.2515,39.1555,38.97,62,100,6.98,overcast clouds
48,Saint-Philippe,RE,-21.3585,55.7679,72.99,80,0,2.53,clear sky
49,Nikolskoye,RU,59.7035,30.7861,40.91,93,69,5.59,broken clouds
50,Leningradskiy,RU,69.3833,178.4167,19.09,77,59,8.46,broken clouds
51,Banjar,ID,-8.19,114.9675,87.33,62,96,1.7,overcast clouds
52,Dikson,RU,73.5069,80.5464,14.18,93,100,11.92,overcast clouds
53,Kavieng,PG,-2.5744,150.7967,83.82,76,11,9.78,light rain
54,Georgetown,MY,5.4112,100.3354,82.35,88,20,4.61,few clouds
55,Bilma,NE,18.6853,12.9164,88.95,11,7,8.9,clear sky
56,Saskylakh,RU,71.9167,114.0833,18.03,88,35,6.87,scattered clouds
57,Mar Del Plata,AR,-38.0023,-57.5575,51.82,70,75,14.97,light rain
58,Cabo San Lucas,MX,22.8909,-109.9124,77.05,69,16,14.41,few clouds
59,Zonguldak,TR,41.25,31.8333,42.01,94,8,3.67,clear sky
60,Taltal,CL,-25.4,-70.4833,60.37,83,33,2.86,scattered clouds
61,Moron,AR,-34.6534,-58.6198,56.97,64,3,6.17,clear sky
62,Busselton,AU,-33.65,115.3333,67.32,71,80,5.93,broken clouds
63,Aksha,RU,50.2814,113.2867,68.59,25,100,12.95,overcast clouds
64,Pingliang,CN,35.5392,106.6861,59.97,18,0,8.52,clear sky
65,Fortuna,US,40.5982,-124.1573,56.93,77,0,12.66,clear sky
66,Marzuq,YE,14.4,46.4667,75.99,48,64,2.21,broken clouds
67,Port Alfred,ZA,-33.5906,26.891,55.18,94,11,1.01,few clouds
68,Camacha,PT,33.0833,-16.3333,60.22,72,40,12.66,scattered clouds
69,Ancud,CL,-41.8697,-73.8203,49.23,92,8,4.05,clear sky
70,Hof,DE,50.3167,11.9167,46.62,85,100,4.61,overcast clouds
71,Barrow,US,71.2906,-156.7887,19.42,86,100,13.8,overcast clouds
72,Avarua,CK,-21.2078,-159.775,82.45,74,20,4.61,few clouds
73,Vaini,TO,-21.2,-175.2,82.56,83,75,13.8,broken clouds
74,Galeana,MX,24.8333,-100.0667,64.92,80,29,5.91,scattered clouds
75,Dingle,PH,10.9995,122.6711,86.92,61,32,8.97,scattered clouds
76,Poum,NC,-20.2333,164.0167,78.48,78,19,5.61,few clouds
77,Hasaki,JP,35.7333,140.8333,59.4,53,100,11.48,overcast clouds
78,Morro Bay,US,35.3658,-120.8499,73.94,78,9,3.0,clear sky
79,Juye,CN,35.3947,116.0883,77.7,21,0,2.8,clear sky
80,Hanyang,CN,32.1371,105.5126,60.91,49,100,1.45,overcast clouds
81,Sovetskiy,RU,61.3614,63.5842,29.97,82,100,9.53,overcast clouds
82,Khatanga,RU,71.9667,102.5,21.36,87,100,14.12,overcast clouds
83,San Cristobal,VE,7.7669,-72.225,77.18,96,83,3.49,broken clouds
84,Qasigiannguit,GL,68.8193,-51.1922,17.85,85,33,5.28,scattered clouds
85,Kysyl-Syr,RU,63.8986,122.7617,22.24,76,100,16.67,overcast clouds
86,Geraldton,AU,-28.7667,114.6,68.41,56,0,9.22,clear sky
87,Manyoni,TZ,-5.7467,34.8382,59.88,90,56,4.88,broken clouds
88,Snezhnogorsk,RU,69.1933,33.2531,20.98,90,98,5.3,overcast clouds
89,Puerto Ayora,EC,-0.7393,-90.3518,72.34,91,7,5.7,clear sky
90,Svetlogorsk,BY,52.6333,29.7333,43.39,94,99,5.66,overcast clouds
91,Muriwai Beach,NZ,-36.8167,174.45,70.95,63,100,7.18,overcast clouds
92,Aklavik,CA,68.2191,-135.0107,36.93,92,100,13.38,overcast clouds
93,Bandarbeyla,SO,9.4942,50.8122,82.63,81,34,9.19,scattered clouds
94,Thompson,CA,55.7435,-97.8558,26.76,80,100,13.8,overcast clouds
95,Quesnel,CA,52.9999,-122.5029,63.1,31,0,10.36,clear sky
96,Prince Rupert,CA,54.3161,-130.3201,46.49,87,100,25.32,light rain
97,Khandyga,RU,62.6667,135.6,42.93,67,34,9.46,scattered clouds
98,Goderich,CA,43.7501,-81.7165,53.92,82,100,9.22,overcast clouds
99,New Norfolk,AU,-42.7826,147.0587,67.91,61,100,1.99,overcast clouds
100,Airai,TL,-8.9266,125.4092,74.53,46,98,5.55,overcast clouds
101,Arraial Do Cabo,BR,-22.9661,-42.0278,75.09,80,0,10.38,clear sky
102,Kloulklubed,PW,7.0419,134.2556,79.3,75,98,13.87,overcast clouds
103,Vina Del Mar,CL,-33.0246,-71.5518,56.32,72,0,2.3,clear sky
104,Alofi,NU,-19.0595,-169.9187,84.09,79,100,8.05,overcast clouds
105,Tilichiki,RU,60.4667,166.1,26.89,84,8,3.6,clear sky
106,Shenjiamen,CN,29.9576,122.298,60.26,77,100,9.17,overcast clouds
107,Ilulissat,GL,69.2167,-51.1,17.62,67,22,0.0,few clouds
108,Beringovskiy,RU,63.05,179.3167,20.62,75,32,14.14,scattered clouds
109,Terrace Bay,CA,48.7834,-87.1,37.74,98,100,9.86,overcast clouds
110,Afsin,TR,38.2477,36.914,47.73,75,7,3.24,clear sky
111,Gorele,TR,41.0308,39.0031,52.14,95,100,9.62,light rain
112,Nioro,GM,13.35,-15.75,79.27,34,31,4.85,scattered clouds
113,Tianpeng,CN,30.9866,103.9393,57.67,52,100,2.46,overcast clouds
114,Iqaluit,CA,63.7506,-68.5145,25.7,86,40,5.99,scattered clouds
115,Sitka,US,57.0531,-135.33,48.09,76,100,18.41,light rain
116,Shache,CN,38.4167,77.2406,65.26,17,3,9.22,clear sky
117,Oromocto,CA,45.8351,-66.4792,44.53,83,100,8.05,overcast clouds
118,Huarmey,PE,-10.0681,-78.1522,65.55,87,90,6.87,overcast clouds
119,Palmer,US,42.1584,-72.3287,60.4,29,0,10.36,clear sky
120,Antsohihy,MG,-14.8796,47.9875,72.9,96,0,1.9,clear sky
121,Batticaloa,LK,7.7102,81.6924,82.85,77,52,3.18,broken clouds
122,Lensk,RU,60.7253,114.9278,28.18,63,100,10.27,overcast clouds
123,Klaksvik,FO,62.2266,-6.589,40.12,70,51,21.5,broken clouds
124,Comodoro Rivadavia,AR,-45.8667,-67.5,48.06,81,0,6.91,clear sky
125,Jaitaran,IN,26.2031,73.9364,85.66,45,80,19.13,broken clouds
126,Port Augusta,AU,-32.5,137.7667,69.4,37,0,4.56,clear sky
127,Paamiut,GL,61.994,-49.6678,29.93,92,79,5.84,broken clouds
128,Tokur,RU,53.1333,132.9,38.95,61,100,1.39,overcast clouds
129,Namibe,AO,-15.1961,12.1522,72.68,72,41,8.37,scattered clouds
130,Sawtell,AU,-30.3833,153.1,73.42,56,45,10.36,scattered clouds
131,Carnarvon,AU,-24.8667,113.6333,78.87,38,1,9.22,clear sky
132,Chokurdakh,RU,70.6333,147.9167,31.42,89,37,10.8,scattered clouds
133,Luderitz,NA,-26.6481,15.1594,72.39,27,0,10.69,clear sky
134,Bengkulu,ID,-3.8004,102.2655,82.35,69,100,2.8,overcast clouds
135,Tiarei,PF,-17.5333,-149.3333,84.0,72,100,4.47,light rain
136,Torbay,CA,47.6666,-52.7314,41.77,92,75,5.75,broken clouds
137,Sorland,NO,67.667,12.6934,36.93,63,100,19.42,overcast clouds
138,Kahului,US,20.8947,-156.47,78.82,72,40,19.57,scattered clouds
139,Balaghat,IN,21.8,80.1833,91.47,28,36,6.53,scattered clouds
140,Iracoubo,GF,5.4802,-53.2011,78.17,84,87,10.94,overcast clouds
141,Kokoda,PG,-8.8785,147.7407,83.39,81,93,4.38,overcast clouds
142,Adre,TD,13.4667,22.2,80.82,10,81,6.6,broken clouds
143,Batsfjord,NO,70.6345,29.7185,20.98,86,100,2.3,overcast clouds
144,Kieta,PG,-6.2167,155.6333,84.49,72,100,4.61,light rain
145,Paralimni,CY,35.0375,33.9833,65.14,95,24,4.0,few clouds
146,Cidreira,BR,-30.1811,-50.2056,63.77,75,100,7.36,overcast clouds
147,Kalabo,ZM,-14.97,22.6814,58.06,64,0,5.68,clear sky
148,Zhigansk,RU,66.7697,123.3711,20.1,79,100,22.88,overcast clouds
149,Melfi,IT,40.9965,15.6514,51.49,89,76,1.9,broken clouds
150,Acapulco,MX,16.8634,-99.8901,82.22,69,75,6.91,broken clouds
151,Esperance,AU,-33.8667,121.9,64.24,58,29,9.17,scattered clouds
152,Semnan,IR,35.5729,53.3971,58.84,77,75,0.0,broken clouds
153,Le Port,RE,-20.9373,55.2919,73.4,72,0,4.25,clear sky
154,Sao Felipe,BR,-14.8167,-41.3833,68.0,74,10,2.24,clear sky
155,East London,ZA,-33.0153,27.9116,60.39,75,0,5.75,clear sky
156,Wuwei,CN,37.9281,102.6414,57.34,20,0,2.17,clear sky
157,Balikpapan,ID,-1.2675,116.8289,85.19,74,20,2.3,few clouds
158,Lata,PT,40.1629,-8.3327,56.07,82,86,5.7,overcast clouds
159,Shingu,JP,33.7333,135.9833,64.8,34,100,5.19,overcast clouds
160,Faya,SA,18.3851,42.4509,63.12,56,98,2.62,overcast clouds
161,Pusad,IN,19.9,77.5833,91.29,28,64,13.13,broken clouds
162,Hamilton,US,39.1834,-84.5333,63.45,67,0,6.91,clear sky
163,Vila Velha,BR,-20.3297,-40.2925,78.75,78,0,10.36,clear sky
164,Owosso,US,42.9978,-84.1766,52.2,88,100,5.75,overcast clouds
165,Puerto Carreno,CO,6.189,-67.4859,78.19,83,41,3.02,scattered clouds
166,Tommot,RU,58.9564,126.2925,35.17,72,99,15.1,overcast clouds
167,Taoudenni,ML,22.6783,-3.9836,76.64,24,19,9.91,few clouds
168,Coahuayana,MX,18.7333,-103.6833,72.16,73,26,1.57,scattered clouds
169,Alindao,CF,5.0267,21.2088,72.41,86,100,3.78,overcast clouds
170,Paita,PE,-5.0892,-81.1144,68.02,84,56,11.97,broken clouds
171,Bundaberg,AU,-24.85,152.35,73.69,96,100,16.11,overcast clouds
172,Paragould,US,36.0584,-90.4973,67.78,62,100,4.47,overcast clouds
173,Ron Phibun,TH,8.1791,99.8542,88.72,79,96,4.99,overcast clouds
174,Touros,BR,-5.1989,-35.4608,78.17,86,12,9.53,few clouds
175,Faanui,PF,-16.4833,-151.75,80.87,72,99,8.7,overcast clouds
176,Itarema,BR,-2.9248,-39.9167,77.5,89,95,9.26,overcast clouds
177,Pilar,BR,-9.5972,-35.9567,75.13,91,88,1.92,overcast clouds
178,Nanortalik,GL,60.1432,-45.2371,36.7,85,100,3.13,overcast clouds
179,Lazaro Cardenas,MX,17.9583,-102.2,76.91,67,15,5.64,few clouds
180,Valparaiso,CL,-33.0393,-71.6273,56.48,72,0,2.3,clear sky
181,Den Helder,NL,52.9599,4.7593,48.18,83,12,5.99,few clouds
182,Charters Towers,AU,-20.1,146.2667,80.08,49,0,9.06,clear sky
183,Ahipara,NZ,-35.1667,173.1667,68.68,60,100,6.2,overcast clouds
184,San Ramon,US,37.7799,-121.978,75.27,50,0,17.27,clear sky
185,Araucaria,BR,-25.5931,-49.4103,68.52,90,36,1.43,scattered clouds
186,Pangnirtung,CA,66.1451,-65.7125,25.92,97,100,3.94,light snow
187,Mayor Pablo Lagerenza,PY,-19.9309,-60.7718,67.59,91,41,6.78,scattered clouds
188,Harper,LR,4.375,-7.7169,80.13,83,36,5.5,scattered clouds
189,Codrington,AU,-38.2667,141.9667,68.13,52,100,12.82,overcast clouds
190,Amalapuram,IN,16.5833,82.0167,86.7,70,47,4.94,scattered clouds
191,Mahebourg,MU,-20.4081,57.7,73.69,88,20,2.3,few clouds
192,Bomet,KE,-0.7813,35.3416,51.49,98,100,3.33,overcast clouds
193,Tsumeb,NA,-19.2333,17.7167,61.81,51,13,8.21,few clouds
194,Uryupinsk,RU,50.8047,42.0138,33.62,60,5,2.01,clear sky
195,Bambous Virieux,MU,-20.3428,57.7575,73.65,88,20,2.3,few clouds
196,Severo-Kurilsk,RU,50.6789,156.125,36.37,86,90,8.19,overcast clouds
197,Mount Gambier,AU,-37.8333,140.7667,62.51,82,100,14.97,overcast clouds
198,Beloha,MG,-25.1667,45.05,64.92,83,0,4.12,clear sky
199,San Pedro,PH,14.35,121.0167,90.36,64,40,9.22,scattered clouds
200,Axim,GH,4.8699,-2.2405,79.74,85,100,6.85,overcast clouds
201,Hithadhoo,MV,-0.6,73.0833,85.39,73,100,16.78,overcast clouds
202,Carauari,BR,-4.8828,-66.8958,73.29,97,100,1.07,overcast clouds
203,Namatanai,PG,-3.6667,152.4333,85.41,67,17,7.11,few clouds
204,Korba,IN,22.35,82.6833,91.53,22,5,8.7,clear sky
205,Kikwit,CD,-5.041,18.8162,70.47,95,100,2.53,overcast clouds
206,Houma,US,29.5958,-90.7195,75.99,92,40,3.0,scattered clouds
207,Tiksi,RU,71.6872,128.8694,16.7,80,42,10.09,scattered clouds
208,Trondheim,NO,63.4305,10.3951,46.45,80,100,7.0,light rain
209,Aksu,CN,41.1231,80.2644,64.33,19,6,5.19,clear sky
210,Biltine,TD,14.5333,20.9167,85.41,10,73,4.79,broken clouds
211,La Ronge,CA,55.1001,-105.2842,35.85,55,20,10.36,few clouds
212,Teknaf,BD,20.8624,92.3058,85.01,67,38,3.13,scattered clouds
213,Bredasdorp,ZA,-34.5322,20.0403,54.95,94,94,4.43,overcast clouds
214,Meulaboh,ID,4.1363,96.1285,79.83,82,100,2.75,light rain
215,Tabou,CI,4.423,-7.3528,80.2,83,36,5.39,scattered clouds
216,Castro,BR,-24.7911,-50.0119,60.04,91,66,2.53,broken clouds
217,Kangaatsiaq,GL,68.3065,-53.4641,14.56,91,62,5.84,broken clouds
218,Borgarnes,IS,64.5383,-21.9206,35.65,65,98,12.08,overcast clouds
219,Port Elizabeth,ZA,-33.918,25.5701,55.31,89,0,3.44,clear sky
220,Chulman,RU,56.8479,124.9104,34.84,88,100,9.51,light snow
221,Hambantota,LK,6.1241,81.1185,79.14,100,20,4.61,few clouds
222,Maningrida,AU,-12.0667,134.2667,88.65,46,92,12.15,overcast clouds
223,Ulaangom,MN,49.9811,92.0667,64.29,15,88,3.42,overcast clouds
224,Hilo,US,19.7297,-155.09,78.28,97,100,4.61,heavy intensity rain
225,Pichayevo,RU,53.2363,42.2032,37.18,64,100,5.41,overcast clouds
226,Havelock,US,34.8791,-76.9013,70.95,86,0,8.05,clear sky
227,Sarkand,KZ,45.41,79.9186,76.35,27,99,4.45,overcast clouds
228,Saldanha,ZA,-33.0117,17.9442,55.45,64,100,7.38,overcast clouds
229,Missoula,US,47.0166,-113.8009,52.2,50,79,1.79,broken clouds
230,Ascension,US,30.2169,-90.9001,76.1,86,0,4.61,clear sky
231,Oskaloosa,US,41.2964,-92.6444,51.82,66,100,16.11,overcast clouds
232,Fairbanks,US,64.8378,-147.7164,55.09,35,20,3.44,few clouds
233,Moskovskiy,RU,55.5991,37.355,43.7,62,0,4.47,clear sky
234,Basco,PH,20.4487,121.9702,79.23,81,100,23.11,overcast clouds
235,San Policarpo,PH,12.1791,125.5072,83.35,70,98,8.57,overcast clouds
236,Butaritari,KI,3.0707,172.7902,81.55,78,71,12.24,light rain
237,Burgeo,CA,47.6167,-57.6152,37.69,89,100,11.65,overcast clouds
238,Maniitsoq,GL,65.4167,-52.9,23.81,81,88,7.52,overcast clouds
239,Salalah,OM,17.0151,54.0924,84.29,84,75,4.61,broken clouds
240,Jalu,LY,29.0331,21.5482,73.2,48,97,20.8,overcast clouds
241,Trat,TH,12.5,102.5,83.88,78,100,3.58,overcast clouds
242,Kemi,FI,65.8596,24.8228,37.17,87,0,10.36,clear sky
243,Constitucion,CL,-35.3333,-72.4167,52.27,75,3,7.09,clear sky
244,Kostrzyn,PL,52.3985,17.2281,49.98,64,100,5.01,overcast clouds
245,Mildura,AU,-34.2,142.15,70.07,55,0,4.61,clear sky
246,Anchorage,US,61.2181,-149.9003,56.28,44,0,15.01,clear sky
247,Fillan,NO,63.6064,8.9696,44.04,88,100,33.49,light rain
248,Orocue,CO,4.7912,-71.3354,77.7,77,13,0.67,few clouds
249,Galle,LK,6.0367,80.217,82.78,82,100,13.49,overcast clouds
250,Souillac,MU,-20.5167,57.5167,73.78,88,20,2.3,few clouds
251,Road Town,VG,18.4167,-64.6167,78.89,94,20,12.66,few clouds
252,Utica,US,43.1009,-75.2327,59.11,71,100,6.58,overcast clouds
253,Norman Wells,CA,65.282,-126.8329,53.64,37,40,24.16,scattered clouds
254,Quibor,VE,9.9287,-69.6201,73.0,80,32,7.25,scattered clouds
255,Vao,NC,-22.6667,167.4833,75.22,86,12,19.37,few clouds
256,Ananas,HT,19.2466,-71.9557,67.84,88,100,7.38,overcast clouds
257,Dudinka,RU,69.4058,86.1778,20.62,95,100,12.06,overcast clouds
258,Grand Gaube,MU,-20.0064,57.6608,73.8,78,5,1.01,clear sky
259,Broome,US,42.2506,-75.833,56.07,67,100,10.36,overcast clouds
260,Yoichi,JP,43.2039,140.7703,45.28,74,70,14.34,light rain
261,Sotouboua,TG,8.5667,0.9833,75.27,80,100,3.56,overcast clouds
262,Yellowknife,CA,62.456,-114.3525,45.12,45,0,11.99,clear sky
263,Saint Stephen,GB,50.3333,-4.9,48.47,100,75,3.44,broken clouds
264,Marsh Harbour,BS,26.5412,-77.0636,74.23,78,20,17.83,few clouds
265,Tuktoyaktuk,CA,69.4541,-133.0374,37.4,75,75,11.5,broken clouds
266,Avera,US,33.194,-82.5271,71.55,74,5,7.0,clear sky
267,Kashan,IR,33.9831,51.4364,60.39,67,75,4.61,broken clouds
268,Kirakira,SB,-10.4544,161.9205,83.57,75,100,9.01,heavy intensity rain
269,Say,NE,13.1007,2.3689,90.16,16,53,5.48,broken clouds
270,Vanimo,PG,-2.6741,141.3028,80.44,87,100,3.27,overcast clouds
271,Turukhansk,RU,65.8167,87.9833,29.03,89,52,11.79,broken clouds
272,Yerbogachen,RU,61.2767,108.0108,31.01,52,6,2.55,clear sky
273,Rabo De Peixe,PT,37.8,-25.5833,64.27,74,75,5.75,broken clouds
274,Juan Lacaze,UY,-34.4342,-57.4381,50.11,66,13,7.67,few clouds
275,Namtsy,RU,62.7161,129.6658,40.1,76,100,14.58,light rain
276,Biak,ID,-0.9131,122.8766,83.66,69,10,5.88,clear sky
277,Kaitangata,NZ,-46.2817,169.8464,63.01,56,36,3.6,scattered clouds
278,Paranapanema,BR,-23.3886,-48.7228,67.26,84,96,0.81,overcast clouds
279,Mragowo,PL,53.8644,21.3051,42.8,93,19,3.96,few clouds
280,Colares,PT,38.7992,-9.4469,59.29,71,4,24.0,clear sky
281,Kruisfontein,ZA,-34.0033,24.7314,48.88,87,0,4.38,clear sky
282,Beecher,US,43.09,-83.6944,53.85,89,100,11.5,overcast clouds
283,Paravola,GR,38.6167,21.5167,60.96,87,100,7.25,overcast clouds
284,Yulara,AU,-25.2406,130.9889,67.84,42,40,10.36,scattered clouds
285,Yumen,CN,40.2833,97.2,59.56,11,17,3.83,few clouds
286,Chhatapur,IN,26.2167,87.0167,82.06,59,30,17.25,scattered clouds
287,Smithers,CA,54.7804,-127.1743,50.32,57,100,8.05,light rain
288,Lasa,IT,46.6166,10.7002,49.08,90,44,3.18,scattered clouds
289,Sibu,MY,2.3,111.8167,75.51,94,40,1.14,scattered clouds
290,Nizhnyaya Tavda,RU,57.6731,66.1725,33.94,76,100,15.17,overcast clouds
291,Ponta Delgada,PT,37.7333,-25.6667,65.5,77,75,5.75,broken clouds
292,Saint George,US,37.1041,-113.5841,72.19,20,0,17.27,clear sky
293,Agua Prieta,MX,31.3,-109.5667,77.0,13,0,17.43,clear sky
294,Komsomolskiy,UZ,40.4272,71.7189,72.32,46,98,4.61,overcast clouds
295,High Level,CA,58.5169,-117.136,50.11,53,75,11.5,broken clouds
296,Lavrentiya,RU,65.5833,-171.0,17.74,76,9,10.56,clear sky
297,Valdivia,CL,-39.8142,-73.2459,42.89,97,3,2.15,clear sky
298,Nieuw Amsterdam,SR,5.8833,-55.0833,80.02,85,22,9.26,few clouds
299,Bereda,ES,43.2686,-7.5406,52.41,98,100,2.01,overcast clouds
300,Alice Springs,AU,-23.7,133.8833,69.35,40,15,10.36,few clouds
301,Bagn,NO,60.8225,9.5521,33.46,90,97,5.06,overcast clouds
302,Ipubi,BR,-7.6519,-40.1489,71.28,61,55,5.12,broken clouds
303,Bonthe,SL,7.5264,-12.505,80.64,85,40,4.05,scattered clouds
304,Elizabethton,US,36.3487,-82.2107,67.77,88,75,0.0,broken clouds
305,Kilimatinde,TZ,-5.85,34.95,61.63,89,41,1.97,scattered clouds
306,Pahrump,US,36.2083,-115.9839,75.25,11,0,11.99,clear sky
307,Prosperous,IE,53.2903,-6.7539,51.1,96,100,2.55,overcast clouds
308,Ustye,RU,59.6304,39.736,30.13,96,73,3.65,broken clouds
309,Christchurch,NZ,-43.5333,172.6333,76.41,60,0,4.61,clear sky
310,Biskamzha,RU,53.4497,89.5272,62.2,43,100,3.8,overcast clouds
311,San Rafael Del Sur,NI,11.8485,-86.4384,83.37,73,100,4.12,overcast clouds
312,Saint-Joseph,RE,-21.3667,55.6167,71.98,77,0,2.75,clear sky
313,Sharjah,AE,25.3573,55.4033,78.78,53,0,3.44,clear sky
314,Mazara Del Vallo,IT,37.6641,12.588,55.54,80,4,0.54,clear sky
315,Kaeo,NZ,-35.1,173.7833,70.32,77,100,7.94,overcast clouds
316,Manzhouli,CN,49.6,117.4333,62.56,37,100,13.47,overcast clouds
317,Erdenet,MN,49.0333,104.0833,63.18,17,16,3.98,few clouds
318,Oistins,BB,13.0667,-59.5333,78.89,83,20,14.97,few clouds
319,Udachnyy,RU,66.4167,112.4,26.65,76,46,14.79,scattered clouds
320,Cockburn Town,TC,21.4612,-71.1419,77.2,81,88,23.6,overcast clouds
321,Bambanglipuro,ID,-7.95,110.2833,84.81,73,95,5.21,overcast clouds
322,Winnemucca,US,40.973,-117.7357,60.85,29,0,4.61,clear sky
323,Chimbote,PE,-9.0853,-78.5783,64.51,89,83,7.27,broken clouds
324,Kurayoshi,JP,35.4333,133.8167,60.71,53,9,15.99,clear sky
325,Olavarria,AR,-36.8927,-60.3225,48.02,72,27,6.96,scattered clouds
326,Mogadishu,SO,2.0371,45.3438,80.76,81,100,11.92,moderate rain
327,Berlevag,NO,70.8578,29.0864,21.0,77,99,11.97,overcast clouds
328,Begunitsy,RU,59.5855,29.3176,32.13,93,58,5.77,broken clouds
329,Riyadh,SA,24.6877,46.7219,77.14,18,1,7.27,clear sky
330,Madimba,TZ,-10.4,40.3333,73.33,86,65,13.8,broken clouds
331,Mookane,BW,-23.688,26.6595,59.29,75,0,8.55,clear sky
332,Hami,CN,42.8,93.45,69.48,9,33,5.01,scattered clouds
333,College,US,64.8569,-147.8028,55.09,36,75,3.44,broken clouds
334,Ondjiva,AO,-17.0667,15.7333,63.25,52,38,7.38,scattered clouds
335,Kaabong,UG,3.4836,34.1492,62.89,93,99,7.45,moderate rain
336,Vestmannaeyjar,IS,63.4427,-20.2734,45.21,77,99,11.59,overcast clouds
337,Oktyabrskiy,RU,54.4815,53.471,35.02,59,4,3.87,clear sky
338,Gigmoto,PH,13.7796,124.39,84.97,68,29,7.38,scattered clouds
339,Sokolo,ML,14.7328,-6.1219,90.61,23,63,2.55,broken clouds
340,San Ignacio,BZ,17.1561,-89.0714,87.94,62,40,6.91,scattered clouds
341,Lompoc,US,34.6391,-120.4579,65.57,69,0,20.71,clear sky
342,Vestmanna,FO,62.1564,-7.1664,38.32,65,100,25.32,overcast clouds
343,Nishihara,JP,26.1842,127.7558,65.86,88,100,12.66,light intensity shower rain
344,Humberto De Campos,BR,-2.5983,-43.4611,75.85,93,100,3.06,overcast clouds
345,Jardim,BR,-21.4803,-56.1381,77.59,50,96,1.88,overcast clouds
346,Marsa Matruh,EG,31.3525,27.2453,66.58,63,100,20.65,overcast clouds
347,Bethel,US,41.3712,-73.414,55.27,58,100,3.8,overcast clouds
348,Belaya Gora,RU,68.5333,146.4167,31.82,100,56,5.61,broken clouds
349,Laguna,US,38.421,-121.4238,84.49,17,0,11.5,clear sky
350,Mentor,US,41.6662,-81.3395,57.58,79,40,6.91,scattered clouds
351,Giroc,RO,45.6942,21.2358,51.98,74,0,4.61,clear sky
352,Rabak,SD,13.1809,32.74,85.64,31,97,6.85,overcast clouds
353,Hervey Bay,AU,-25.2986,152.8535,69.03,93,100,5.99,light rain
354,Ulladulla,AU,-35.35,150.4667,70.7,49,0,5.57,clear sky
355,Pedernales,DO,18.0384,-71.744,76.68,79,100,7.78,overcast clouds
356,Lucea,JM,18.451,-78.1736,80.46,82,92,13.11,overcast clouds
357,Clyde River,CA,70.4692,-68.5914,8.83,85,100,16.11,light snow
358,Teya,RU,60.3778,92.6267,33.78,76,100,12.5,overcast clouds
359,Buala,SB,-8.145,159.5921,84.72,70,89,3.56,light rain
360,Malatya,TR,38.5,38.0,51.85,58,0,9.22,clear sky
361,Lucapa,AO,-8.4192,20.7447,66.43,94,100,1.9,overcast clouds
362,Bairiki,KI,1.3292,172.9752,86.0,74,40,6.91,scattered clouds
363,Kedrovyy,RU,56.1667,91.8167,45.01,75,100,8.12,overcast clouds
364,Qaqortoq,GL,60.7167,-46.0333,36.77,90,99,1.01,overcast clouds
365,Golden,US,39.7555,-105.2211,59.63,37,100,13.0,overcast clouds
366,Port-Gentil,GA,-0.7193,8.7815,80.83,79,100,7.54,moderate rain
367,Klyuchi,RU,52.2667,79.1667,63.64,66,52,14.92,broken clouds
368,Ust-Nera,RU,64.5667,143.2,36.01,90,53,2.93,broken clouds
369,Necochea,AR,-38.5473,-58.7368,51.35,63,100,8.16,overcast clouds
370,Iquique,CL,-20.2208,-70.1431,62.64,75,55,1.3,broken clouds
371,Kargasok,RU,59.0556,80.8572,33.4,98,100,6.42,snow
372,Mustasaari,FI,63.1142,21.6822,41.9,87,0,8.05,clear sky
373,Kushima,JP,31.4583,131.2333,67.39,43,100,3.91,overcast clouds
374,Alampur,IN,15.8833,78.15,88.03,48,78,12.77,broken clouds
375,Nago,JP,26.5881,127.9761,66.63,73,100,8.72,light rain
376,Stepnyak,KZ,52.8339,70.7803,44.6,75,66,12.64,broken clouds
377,Shieli,KZ,44.1667,66.75,69.24,30,100,10.69,overcast clouds
378,Nkhotakota,MW,-12.9274,34.2961,68.0,77,12,12.95,few clouds
379,Inverell,AU,-29.7833,151.1167,76.66,50,1,5.01,clear sky
380,Nelson,NZ,-41.2833,173.2833,64.69,100,100,1.01,overcast clouds
381,Korla,CN,41.7597,86.1469,63.52,23,5,6.55,clear sky
382,Tierra Blanca,HN,14.5833,-88.5833,71.15,90,51,3.22,broken clouds
383,Mozarlandia,BR,-14.7447,-50.5706,72.7,49,0,1.66,clear sky
384,Isangel,VU,-19.55,169.2667,82.29,79,97,9.31,overcast clouds
385,Tahoua,NE,14.8888,5.2692,85.37,13,5,11.01,clear sky
386,Bisira,PA,8.5196,-81.7115,61.54,99,100,1.83,overcast clouds
387,Kasongo,CD,-4.45,26.6667,67.69,99,100,0.27,overcast clouds
388,Yaan,NG,7.3833,8.5667,77.86,76,36,8.32,scattered clouds
389,Gizo,SB,-8.103,156.8419,83.55,72,17,2.53,light rain
390,Tadine,NC,-21.55,167.8833,78.04,86,47,14.67,scattered clouds
391,Toamasina,MG,-18.1667,49.3833,71.6,94,40,0.0,scattered clouds
392,Elizabeth City,US,36.2946,-76.2511,73.42,73,0,9.22,clear sky
393,Omboue,GA,-1.5746,9.2618,77.31,90,100,4.43,moderate rain
394,Surskoye,RU,54.4821,46.7214,34.52,68,68,5.99,broken clouds
395,Shakawe,BW,-18.3667,21.85,65.32,46,63,6.62,broken clouds
396,Santa Pola,ES,38.1917,-0.5658,63.95,87,0,4.61,clear sky
397,Zelenogorskiy,RU,55.0333,87.0,59.54,54,100,6.62,overcast clouds
398,Jacareacanga,BR,-6.2222,-57.7528,74.28,91,10,2.01,clear sky
399,Houthulst,BE,50.9637,2.8986,49.95,84,100,4.54,overcast clouds
400,Asyut,EG,27.181,31.1837,74.62,25,66,4.23,broken clouds
401,Tari,NG,12.4086,4.4914,86.31,27,47,7.07,scattered clouds
402,Painesville,US,41.7245,-81.2457,57.67,81,40,6.91,scattered clouds
403,Malanje,AO,-9.5402,16.341,58.42,79,11,3.98,few clouds
404,Gagnoa,CI,6.1293,-5.9437,73.17,98,93,1.95,light rain
405,Taldan,RU,53.6667,124.8,36.79,71,100,5.01,moderate rain
406,Lumberton,US,34.6182,-79.0086,71.6,89,100,11.86,overcast clouds
407,Adeje,ES,28.1227,-16.726,67.3,54,0,20.71,clear sky
408,Iranshahr,IR,27.2025,60.6848,74.84,42,0,3.85,clear sky
409,Mehamn,NO,71.0357,27.8492,26.2,78,98,16.6,overcast clouds
410,Mersing,MY,2.4312,103.8405,78.71,94,40,3.44,scattered clouds
411,Yabassi,CM,4.457,9.9682,74.79,99,100,2.48,heavy intensity rain
412,Bowen,AU,-20.0167,148.2333,78.49,72,56,15.79,broken clouds
413,Ardesen,TR,41.1911,40.9875,54.55,96,100,13.62,light rain
414,Sioux Lookout,CA,50.1001,-91.917,37.47,100,100,3.44,light intensity drizzle
415,Guarapari,BR,-20.6667,-40.4975,76.89,81,0,9.64,clear sky
416,Nouadhibou,MR,20.931,-17.0347,66.18,88,0,11.5,clear sky
417,Ust-Kan,RU,50.9276,84.761,57.94,39,100,7.54,overcast clouds
418,At-Bashi,KG,41.1702,75.8106,53.28,37,33,5.14,scattered clouds
419,Portland,US,45.5234,-122.6762,65.08,56,100,4.61,overcast clouds
420,Los Llanos De Aridane,ES,28.6585,-17.9182,64.15,73,0,14.97,clear sky
421,Lorengau,PG,-2.0226,147.2712,85.19,67,100,3.42,overcast clouds
422,Veraval,IN,20.9,70.3667,83.12,82,0,8.34,clear sky
423,Alpinopolis,BR,-20.8636,-46.3881,62.8,75,21,1.86,few clouds
424,San Andres,CO,12.5847,-81.7006,78.82,89,100,2.3,overcast clouds
425,Dunedin,NZ,-45.8742,170.5036,63.36,60,7,3.69,clear sky
426,Carutapera,BR,-1.195,-46.02,75.18,95,100,4.68,moderate rain
427,Impfondo,CG,1.6381,18.0667,69.01,90,92,1.83,light rain
428,Sao Mateus Do Sul,BR,-25.8742,-50.3828,61.2,98,74,1.34,broken clouds
429,Saint-Francois,FR,46.4154,3.9054,40.68,100,87,3.44,overcast clouds
430,Iquitos,PE,-3.7481,-73.2472,78.84,94,75,3.44,broken clouds
431,Polonnaruwa,LK,7.9333,81.0,82.24,75,27,8.19,scattered clouds
432,Saint Anthony,US,45.0205,-93.218,44.2,85,100,17.27,overcast clouds
433,Bathsheba,BB,13.2167,-59.5167,79.41,83,20,14.97,few clouds
434,Feicheng,CN,35.2606,117.9675,76.62,20,0,8.93,clear sky
435,Alugan,PH,12.2188,125.4808,83.66,69,99,8.48,overcast clouds
436,Luebo,CD,-5.35,21.4167,67.51,98,99,2.17,overcast clouds
437,Tairua,NZ,-37.0167,175.85,65.39,63,100,4.74,overcast clouds
438,Monte Patria,CL,-30.6919,-70.9467,62.58,50,51,0.72,broken clouds
439,Riosucio,CO,5.4216,-75.7032,59.5,98,100,1.72,overcast clouds
440,Zemio,CF,5.0314,25.1361,67.91,97,100,2.46,overcast clouds
441,Sangar,RU,63.9242,127.4739,34.0,97,100,14.61,snow
442,Jian,CN,27.1172,114.9793,64.42,70,49,6.11,scattered clouds
443,Dicabisagan,PH,17.0818,122.4157,85.71,66,100,6.85,overcast clouds
444,Saltillo,MX,25.4167,-101.0,76.17,52,40,9.22,scattered clouds
445,Nawabganj,BD,24.5911,88.271,84.45,69,69,11.43,broken clouds
446,Ngunguru,NZ,-35.6167,174.5,65.95,65,98,7.14,overcast clouds
447,Labuhan,ID,-6.8844,112.2051,83.88,79,88,7.36,overcast clouds
448,Chifeng,CN,42.2683,118.9636,57.09,20,15,2.8,few clouds
449,Swindon,GB,51.558,-1.7812,50.4,94,75,0.0,mist
450,Maceio,BR,-9.6658,-35.7353,76.44,88,75,0.0,broken clouds
451,Kirensk,RU,57.7853,108.1119,34.14,62,100,8.21,overcast clouds
452,Hamada,JP,34.8833,132.0833,63.32,49,0,13.42,clear sky
453,Sao Filipe,CV,14.8961,-24.4956,73.04,72,1,6.38,clear sky
454,Rio Branco,BR,-9.9747,-67.81,77.61,94,0,0.0,clear sky
455,Bayir,TR,37.2687,28.2167,52.32,65,100,4.07,overcast clouds
456,Banda Aceh,ID,5.5577,95.3222,84.29,71,100,10.78,overcast clouds
457,Cartagena,CO,10.3997,-75.5144,82.02,83,0,6.91,clear sky
458,Goma,CD,-1.6792,29.2228,60.55,90,100,2.66,overcast clouds
459,Loveland,US,40.3978,-105.075,61.45,42,100,10.36,light rain
460,Bludenz,AT,47.1497,9.8167,45.46,80,8,3.0,clear sky
461,Motygino,RU,58.1831,94.7592,33.06,87,100,15.68,light snow
462,Flinders,AU,-34.5833,150.8552,74.37,66,0,5.99,clear sky
463,Bardsir,IR,29.9227,56.5743,56.08,36,0,8.81,clear sky
464,Zhengjiatun,CN,43.5064,123.5064,54.61,37,5,2.46,clear sky
465,Madang,PG,-5.2246,145.7966,86.27,66,48,2.33,scattered clouds
466,Barguzin,RU,53.6167,109.6167,52.99,74,73,8.3,broken clouds
467,Wanning,CN,18.8003,110.3967,68.72,94,100,17.29,overcast clouds
468,Karasburg,NA,-28.0167,18.75,58.08,26,0,11.54,clear sky
469,Ayan,RU,56.45,138.1667,30.42,91,98,3.78,overcast clouds
470,Mabaruma,GY,8.2,-59.7833,75.06,84,11,3.96,few clouds
471,Linxia,CN,35.6003,103.2064,49.89,39,0,0.96,clear sky
472,Tulsipur,NP,28.131,82.2973,84.31,41,60,1.99,broken clouds
473,Ketchikan,US,55.3422,-131.6461,45.07,93,100,9.22,moderate rain
474,Malyye Derbety,RU,47.9547,44.6808,44.06,53,100,8.46,overcast clouds
475,Uribia,CO,11.7139,-72.266,85.57,61,100,9.08,overcast clouds
476,Kamaishi,JP,39.2667,141.8833,51.19,64,20,3.24,few clouds
477,San Patricio,US,28.017,-97.5169,80.46,85,82,15.19,broken clouds
478,Coquimbo,CL,-29.9533,-71.3436,55.13,87,0,2.3,clear sky
479,Nchelenge,ZM,-9.3451,28.734,68.7,77,100,5.53,overcast clouds
480,Gat,IL,31.61,34.7642,63.28,100,65,2.77,broken clouds
481,Keti Bandar,PK,24.1447,67.4497,83.21,70,0,17.16,clear sky
482,Carlyle,US,38.6103,-89.3726,66.11,78,13,5.95,few clouds
483,Keetmanshoop,NA,-26.5833,18.1333,57.09,23,0,7.25,clear sky
484,Balaka,MW,-14.9793,34.9558,58.69,97,16,5.08,few clouds
485,Dongkan,CN,33.9997,119.8308,70.79,34,0,10.71,clear sky
486,Ambon,ID,-3.6954,128.1814,95.14,52,40,3.44,scattered clouds
487,Corrente,BR,-3.7367,-43.3394,72.86,97,100,2.33,light rain
488,Weinan,CN,34.5036,109.5089,72.59,19,0,9.84,clear sky
489,Pascagoula,US,30.3658,-88.5561,77.05,80,0,0.0,clear sky
490,Ubatuba,BR,-23.4339,-45.0711,72.86,86,6,3.49,clear sky
491,Padang,ID,-0.9492,100.3543,75.25,78,100,1.21,moderate rain
492,Tome,CL,-36.6167,-72.95,52.41,80,0,3.15,clear sky
493,Kailua,US,21.4022,-157.7394,82.38,76,75,17.27,broken clouds
494,San Borja,BO,-14.8167,-66.85,74.88,77,31,1.7,scattered clouds
495,Ust-Tsilma,RU,65.441,52.1498,24.53,90,100,7.11,overcast clouds
496,Imeni Poliny Osipenko,RU,52.4201,136.4853,40.37,67,15,2.17,few clouds
497,Ribeira Grande,PT,38.5167,-28.7,62.15,84,15,2.39,few clouds
498,Vila Franca Do Campo,PT,37.7167,-25.4333,65.19,91,39,3.09,scattered clouds
499,Karratha,AU,-20.7377,116.8463,85.37,41,78,17.07,broken clouds
500,Polunochnoye,RU,60.8697,60.4153,28.15,79,8,6.15,clear sky
501,Kavaratti,IN,10.5669,72.642,84.94,69,100,10.13,overcast clouds
502,Xinzhou,CN,38.4092,112.7333,66.99,21,7,2.82,clear sky
503,Pisco,PE,-13.7,-76.2167,64.45,82,0,4.61,clear sky
504,Cremona,IT,45.2333,9.9333,57.24,84,33,3.47,scattered clouds
505,Tura,IN,25.5198,90.2201,75.69,81,92,5.03,overcast clouds
506,Artyom,AZ,40.4723,50.333,57.34,85,74,24.4,broken clouds
507,Chumikan,RU,54.7183,135.315,33.26,89,96,8.19,overcast clouds
508,Takoradi,GH,4.8845,-1.7554,79.7,85,91,7.34,overcast clouds
509,Pasni,PK,25.2631,63.471,82.15,73,0,21.12,clear sky
510,Ixtapa,MX,20.7,-105.2,76.23,79,48,3.0,scattered clouds
511,Shaunavon,CA,49.6501,-108.4181,55.18,42,75,8.95,broken clouds
512,Scarborough,GB,54.2797,-0.4044,52.65,87,100,3.78,overcast clouds
513,Vostok,RU,46.4856,135.8833,45.18,49,94,3.76,overcast clouds
514,Nhulunbuy,AU,-12.2333,136.7667,84.81,70,75,19.57,broken clouds
515,Muros,ES,42.7762,-9.0603,54.16,84,99,4.76,overcast clouds
516,Tual,ID,-5.6667,132.75,83.71,75,55,17.4,broken clouds
517,Amantea,IT,39.1332,16.0746,57.16,71,27,0.87,scattered clouds
518,Ladario,BR,-19.0047,-57.6017,81.64,42,98,1.97,overcast clouds
519,Nenjiang,CN,49.1833,125.2167,53.22,35,100,14.0,overcast clouds
520,Keuruu,FI,62.2667,24.7,37.58,85,99,6.76,overcast clouds
521,Mahajanga,MG,-15.7167,46.3167,75.22,73,20,2.3,few clouds
522,Tres Picos,MX,15.8667,-93.5333,82.96,74,81,4.14,broken clouds
523,Laki,BG,41.85,24.8167,39.6,87,41,1.12,scattered clouds
524,Margate,GB,51.3813,1.3862,51.31,74,100,1.01,overcast clouds
525,Barcelos,PT,41.5388,-8.6151,55.85,91,79,1.52,broken clouds
526,Kolokani,ML,13.5728,-8.0339,86.09,37,27,1.45,scattered clouds
527,Adrar,MR,20.5022,-10.0711,76.17,17,0,11.59,clear sky
528,Stornoway,GB,58.2093,-6.3865,48.16,78,100,4.61,overcast clouds
529,Constanta,RO,44.1833,28.65,43.7,73,12,7.52,few clouds
530,Pianco,BR,-7.1981,-37.9292,74.75,74,16,4.41,few clouds
531,Canon City,US,38.441,-105.2424,66.61,29,0,6.91,clear sky
532,Curuca,BR,-0.7289,-47.8481,74.01,97,100,1.57,moderate rain
533,Cap Malheureux,MU,-19.9842,57.6142,74.46,78,3,3.0,clear sky
534,Hede,CN,33.7681,120.2517,70.86,35,2,12.53,clear sky
535,Sibolga,ID,1.7427,98.7792,77.97,87,100,3.02,light rain
536,San Quintin,MX,30.4833,-115.95,59.86,78,0,14.67,clear sky
537,Iturama,BR,-19.7281,-50.1956,75.36,39,88,0.25,overcast clouds
538,Uyskoye,RU,54.3775,60.0047,33.67,60,6,13.06,clear sky
539,Lakes Entrance,AU,-37.8811,147.981,70.16,50,54,0.07,broken clouds
540,Qujing,CN,25.4833,103.7833,44.46,78,100,8.16,overcast clouds
541,Moyale,KE,3.5167,39.0584,67.55,81,100,2.75,overcast clouds
542,Pemangkat,ID,1.1667,108.9667,84.45,71,98,4.61,overcast clouds
543,Wattegama,LK,6.7989,81.4808,79.39,78,28,1.88,scattered clouds
544,Soe,ID,-9.8607,124.284,79.86,54,97,8.12,overcast clouds
545,Warmbad,NA,-28.45,18.7333,60.76,23,0,11.92,clear sky
546,Vitim,RU,59.4511,112.5578,30.54,57,100,8.66,overcast clouds
547,Funadhoo,MV,6.15,73.2667,85.84,73,96,16.6,overcast clouds
548,Andenes,NO,69.3143,16.1194,33.78,93,20,3.44,few clouds
549,Khandagayty,RU,50.7333,92.05,59.65,20,39,3.27,scattered clouds
550,Purbalingga,ID,-7.3881,109.3639,84.96,76,54,2.15,broken clouds
551,Talgar,KZ,43.3027,77.2395,60.96,55,40,2.24,scattered clouds
552,Mgandu,TZ,-5.95,34.1333,57.52,97,44,6.22,scattered clouds
553,Monywa,MM,22.1167,95.1333,89.31,45,2,6.93,clear sky
554,Port Hardy,CA,50.6996,-127.4199,50.18,81,100,5.75,overcast clouds
555,Dickinson,US,29.4608,-95.0513,79.12,87,20,11.5,few clouds
556,Port Lincoln,AU,-34.7333,135.8667,65.97,62,0,9.64,clear sky
557,Hovd,MN,48.0056,91.6419,61.34,12,46,5.08,scattered clouds
558,Gidole,ET,5.65,37.3667,55.09,89,100,1.95,overcast clouds
559,Noumea,NC,-22.2763,166.4572,85.98,99,38,13.22,scattered clouds
560,Luanda,AO,-8.8368,13.2343,75.07,91,72,6.62,broken clouds
561,Bougouni,ML,11.417,-7.479,83.41,50,43,1.54,scattered clouds
562,Coari,BR,-4.085,-63.1414,73.8,99,100,2.86,overcast clouds
563,Alexandria,EG,31.2156,29.9553,64.17,76,56,5.7,broken clouds
564,Samarai,PG,-10.6167,150.6667,82.9,74,21,8.68,few clouds
565,Muli,MV,2.9167,73.5667,84.74,75,99,19.64,overcast clouds
566,Laurel,US,39.0993,-76.8483,56.88,93,40,8.05,scattered clouds
567,Surt,LY,31.2089,16.5887,63.99,81,36,32.06,light rain
568,Saint-Pierre,RE,-21.3393,55.4781,73.08,73,0,6.91,clear sky
569,Menongue,AO,-14.6585,17.691,57.24,72,9,3.89,clear sky
570,Hualmay,PE,-11.0964,-77.6139,65.37,85,100,5.84,overcast clouds
571,Rio Gallegos,AR,-51.6226,-69.2181,35.65,93,0,9.22,clear sky
572,Katherine,AU,-14.4667,132.2667,91.72,31,40,19.57,scattered clouds
573,Gunjur,GM,13.2019,-16.7339,68.07,88,90,10.36,overcast clouds
574,Kota Kinabalu,MY,5.9749,116.0724,87.78,66,20,3.44,few clouds
575,Estelle,US,29.8458,-90.1067,78.78,77,100,5.99,overcast clouds
576,Aswan,EG,24.0934,32.907,79.16,21,5,8.34,clear sky
577,Vyazma,RU,55.2104,34.2951,36.19,78,98,4.0,overcast clouds
578,Marawi,PH,7.9986,124.2928,80.42,70,86,2.51,overcast clouds
579,Nyagan,RU,62.1406,65.3936,29.25,94,100,12.19,snow
580,Cherskiy,RU,68.75,161.3,30.33,88,53,10.13,broken clouds
581,San Jose De Guanipa,VE,8.8872,-64.1651,81.12,60,14,14.76,few clouds
582,Anadyr,RU,64.75,177.4833,25.3,74,0,13.42,clear sky
583,Gamba,GA,-2.65,10.0,76.59,93,100,5.99,light rain
584,Praia,CV,14.9215,-23.5087,70.34,78,20,5.75,few clouds
585,Sinnamary,GF,5.3833,-52.95,78.06,84,88,10.63,overcast clouds
586,Balagunan,PH,7.4922,125.5211,79.56,74,100,5.75,moderate rain
587,Leh,IN,34.1667,77.5833,45.09,34,0,2.28,clear sky
588,Sakakah,SA,29.9697,40.2064,67.57,38,0,7.27,clear sky
589,Micheweni,TZ,-4.9667,39.8333,78.21,82,43,13.35,light rain
590,Am Timan,TD,11.0297,20.2827,85.46,41,100,8.43,overcast clouds
591,Rancho Palos Verdes,US,33.7445,-118.387,67.95,80,12,5.99,few clouds
592,Garmsar,IR,35.2182,52.3409,63.0,68,100,8.77,overcast clouds
593,Hurghada,EG,27.2574,33.8129,73.98,43,2,10.42,clear sky
594,Suntar,RU,62.1444,117.6319,28.83,50,100,12.68,overcast clouds
595,Mount Isa,AU,-20.7333,139.5,83.97,42,40,10.36,scattered clouds
596,Lunino,RU,53.5918,45.2271,35.53,67,62,4.45,broken clouds
597,Krasnovishersk,RU,60.4078,57.082,25.95,87,67,1.86,broken clouds
598,Juegang,CN,32.3174,121.1855,69.98,55,27,13.38,scattered clouds
599,Lunglei,IN,22.8833,92.7333,79.93,52,4,1.61,clear sky
600,Rocha,UY,-34.4833,-54.3333,56.32,60,100,10.09,overcast clouds
601,Dongying,CN,37.4564,118.4856,68.77,19,2,6.35,clear sky
602,Yorkton,CA,51.2167,-102.4677,44.44,61,0,14.97,clear sky
603,Port Macquarie,AU,-31.4333,152.9167,71.89,54,49,5.82,scattered clouds
604,Valverde Del Camino,ES,37.5751,-6.7543,54.03,84,0,10.22,clear sky
605,Saint-Augustin,CA,51.226,-58.6502,32.63,85,100,19.57,light snow
606,Caravelas,BR,-17.7125,-39.2481,73.29,86,0,3.4,clear sky
607,Tahe,CN,52.3333,124.7333,44.87,69,100,5.48,light rain
608,Salinopolis,BR,-0.6136,-47.3561,77.27,90,99,4.45,moderate rain
609,Logrono,ES,42.4667,-2.45,50.43,87,0,4.61,clear sky
610,Kingsland,US,30.8,-81.6898,73.96,87,28,4.43,scattered clouds
611,Nzega,RW,-2.479,29.5564,52.16,94,95,4.05,overcast clouds
612,Yar-Sale,RU,66.8333,70.8333,12.94,84,14,6.15,few clouds
613,Myitkyina,MM,25.3833,97.4,75.67,75,67,3.24,broken clouds
614,Kopargaon,IN,19.8833,74.4833,81.0,54,0,16.98,clear sky
615,Bobrovytsya,UA,50.75,31.3833,45.0,68,78,5.41,broken clouds
616,Tessalit,ML,20.1986,1.0114,73.4,18,0,8.75,clear sky
617,Ossora,RU,59.2353,163.0719,31.41,92,39,3.51,scattered clouds
618,Palana,RU,59.1167,159.9667,29.79,79,91,9.42,overcast clouds
619,Panzhihua,CN,26.5851,101.7128,53.82,79,100,1.99,overcast clouds
620,Indramayu,ID,-6.3264,108.32,84.6,72,98,8.28,overcast clouds
621,Rivadavia,AR,-33.1905,-68.4608,54.81,30,2,11.3,clear sky
622,Coihaique,CL,-45.5752,-72.0662,44.55,87,0,4.61,clear sky
623,Baturaja,ID,-4.1333,104.1667,82.71,75,100,1.63,overcast clouds
624,Bardiyah,LY,31.7561,25.0865,69.71,54,100,18.41,overcast clouds
625,Betul,IN,21.9153,77.8961,86.92,33,18,14.65,few clouds
626,Zboriste,BA,45.1458,16.0178,51.01,99,100,2.26,overcast clouds
627,Dunmore Town,BS,25.5,-76.65,75.4,76,3,20.8,clear sky
628,Gavle,SE,60.6745,17.1417,46.92,47,100,3.0,overcast clouds
629,Acari,PE,-15.4311,-74.6158,69.48,76,46,3.09,scattered clouds
630,Rawlins,US,41.7911,-107.2387,49.89,53,100,21.85,overcast clouds
631,Hailey,US,43.5196,-114.3153,50.99,68,65,1.01,broken clouds
632,Moulins,FR,46.5,3.3333,42.64,97,87,0.87,overcast clouds
633,Inuvik,CA,68.3499,-133.7218,52.56,40,75,8.05,broken clouds
634,Pangody,RU,65.85,74.4859,22.44,94,100,3.78,overcast clouds
635,Kajaani,FI,64.2273,27.7285,35.65,69,75,9.22,broken clouds
636,Purpe,RU,64.4803,76.6897,25.83,84,46,6.22,scattered clouds
637,Umm Kaddadah,SD,13.6017,26.6876,78.84,13,86,3.22,overcast clouds
638,Livno,BA,43.8269,17.0078,45.27,57,100,3.33,overcast clouds
639,Negombo,LK,7.2083,79.8358,84.25,89,40,4.61,light rain
640,Grandview,US,38.8858,-94.533,65.05,51,66,4.43,broken clouds
641,Dunaszekcso,HU,46.0866,18.7587,52.92,70,97,6.8,overcast clouds
642,Muisne,EC,0.6,-80.0333,76.1,83,100,5.7,overcast clouds
643,Bentiu,SS,9.2333,29.8333,83.26,44,79,5.57,broken clouds
644,Pokhara,NP,28.2333,83.9833,73.67,49,36,1.86,scattered clouds
645,Moussoro,TD,13.6408,16.4901,86.68,23,10,5.1,clear sky
646,Kon Tum,VN,14.35,108.0,74.39,90,100,3.31,overcast clouds
647,Roma,US,43.2128,-75.4557,59.14,38,0,6.91,clear sky
648,Nadym,RU,65.5333,72.5167,24.08,92,100,5.46,overcast clouds
649,Ogulin,HR,45.2661,15.2286,46.6,98,100,3.67,overcast clouds
650,Tulum,MX,20.2167,-87.4667,77.36,82,0,6.98,clear sky
651,Richards Bay,ZA,-28.783,32.0377,60.67,82,5,6.96,clear sky
652,Champerico,GT,14.3,-91.9167,84.43,70,93,5.01,overcast clouds
653,Tautira,PF,-17.7333,-149.15,79.7,72,96,5.44,light rain
654,Harindanga,IN,22.0383,88.3214,85.48,71,97,16.64,overcast clouds
655,Ratnagiri,IN,16.9833,73.3,82.18,75,8,3.65,clear sky
656,Westport,US,41.1415,-73.3579,57.27,59,100,5.82,overcast clouds
657,Aleksandrow Lodzki,PL,51.8196,19.3038,50.16,77,0,0.0,clear sky
658,Batemans Bay,AU,-35.7167,150.1833,63.1,47,4,4.85,clear sky
659,Moose Factory,CA,51.2585,-80.6094,41.0,70,75,9.22,broken clouds
660,Amuntai,ID,-2.4177,115.2494,89.4,57,24,1.1,few clouds
661,Taksimo,RU,56.3444,114.8794,40.95,50,84,10.51,broken clouds
662,Santa Cruz De Tenerife,ES,28.4682,-16.2546,67.87,53,0,5.99,clear sky
663,Yanam,IN,16.7333,82.2167,86.77,71,45,4.61,scattered clouds
664,Henties Bay,NA,-22.116,14.2845,60.96,77,0,8.01,clear sky
665,Soyo,AO,-6.1349,12.3689,77.31,89,99,1.74,overcast clouds
666,Callaguip,PH,18.0714,120.4867,86.02,74,75,8.05,broken clouds
667,Centralina,BR,-18.5839,-49.1994,68.86,46,2,5.08,clear sky
668,Foz,ES,43.5692,-7.2544,52.02,93,100,2.13,overcast clouds
669,Sokode,TG,8.9833,1.1333,74.75,76,100,3.29,overcast clouds
670,Santander Jimenez,MX,24.2167,-98.4667,78.12,83,2,20.13,clear sky
671,Dauphin,CA,51.1494,-100.0502,39.34,75,100,12.66,overcast clouds
672,Naze,JP,28.3667,129.4833,65.32,56,100,9.8,overcast clouds
673,Nemuro,JP,43.3236,145.575,41.22,96,100,27.94,overcast clouds
674,Puerto Escondido,MX,15.85,-97.0667,82.78,69,81,4.07,broken clouds
675,Orchard Homes,US,46.8633,-114.0484,60.94,44,75,1.99,broken clouds
676,Tateyama,JP,34.9833,139.8667,58.75,63,96,5.79,overcast clouds
677,Belyy Yar,RU,53.6039,91.3903,57.09,35,0,0.0,clear sky
678,Pleshanovo,RU,52.8333,53.4833,35.1,63,0,4.72,clear sky
679,Oum Hadjer,TD,13.2954,19.6966,87.91,29,49,4.32,scattered clouds
680,La Palma,US,33.8464,-118.0467,72.91,72,0,8.99,clear sky
681,Luganville,VU,-15.5333,167.1667,83.23,73,100,0.47,overcast clouds
682,Horsham,GB,51.064,-0.3272,49.71,89,75,2.3,broken clouds
683,Ikirun,NG,7.9167,4.6667,71.73,97,100,4.63,overcast clouds
684,Arman,RU,59.7,150.1667,44.02,81,70,5.28,broken clouds
685,Mbanza-Ngungu,CD,-5.25,14.8667,68.11,92,100,1.74,overcast clouds
686,Gidam,IN,18.9833,81.4,85.15,48,8,5.35,clear sky
687,Akyab,MM,20.15,92.9,83.98,73,19,6.71,few clouds
688,Victoria Point,AU,-27.5833,153.3,80.44,63,12,8.01,few clouds
